{
  "@1": {
    "macro_precision": 0.5057092354875261,
    "precision": 0.5422885572139303,
    "recall": 0.46500237004266076,
    "f1": 0.5006804986020787,
    "mAP": 0.5422885572139303,
    "nDCG": 0.5422885417938232
  },
  "@3": {
    "macro_precision": 0.4921793930954245,
    "precision": 0.5406916037098458,
    "recall": 1.3908990361826512,
    "f1": 0.7786819950841364,
    "mAP": 0.6314876236103534,
    "nDCG": 0.6676297783851624
  },
  "@6": {
    "macro_precision": 0.48438475926017904,
    "precision": 0.5343959216264357,
    "recall": 2.749407489334808,
    "f1": 0.8948599905895769,
    "mAP": 0.6291380033986395,
    "nDCG": 0.6975335478782654
  }
}