{
  "@1": {
    "macro_precision": 0.47983811879342947,
    "precision": 0.5352865303114059,
    "recall": 0.45899826196871546,
    "f1": 0.49421571466196307,
    "mAP": 0.5352865303114059,
    "nDCG": 0.5352864861488342
  },
  "@3": {
    "macro_precision": 0.48403868602000094,
    "precision": 0.5297586143357288,
    "recall": 1.362774529941539,
    "f1": 0.7629367496175288,
    "mAP": 0.6269424482525745,
    "nDCG": 0.6634659171104431
  },
  "@6": {
    "macro_precision": 0.4789153288620019,
    "precision": 0.5281309501873349,
    "recall": 2.7171749091483646,
    "f1": 0.8843691315219262,
    "mAP": 0.6209360092541361,
    "nDCG": 0.6919732093811035
  }
}