{
  "@1": {
    "macro_precision": 0.5323216870105958,
    "precision": 0.5457895706651925,
    "recall": 0.46800442407963344,
    "f1": 0.5039128905721367,
    "mAP": 0.5457895706651925,
    "nDCG": 0.5457895398139954
  },
  "@3": {
    "macro_precision": 0.5079346856660926,
    "precision": 0.5397702843805663,
    "recall": 1.3885289935218834,
    "f1": 0.7773551485560515,
    "mAP": 0.6312265831337245,
    "nDCG": 0.6669900417327881
  },
  "@6": {
    "macro_precision": 0.49911784401521736,
    "precision": 0.5379890670106259,
    "recall": 2.7678938220887974,
    "f1": 0.9008768068195528,
    "mAP": 0.6265846180619478,
    "nDCG": 0.6954420804977417
  }
}