{
  "@1": {
    "macro_precision": 0.5065570974230982,
    "precision": 0.5505804311774462,
    "recall": 0.47211249802496447,
    "f1": 0.5083361637943211,
    "mAP": 0.5505804311774462,
    "nDCG": 0.5505803823471069
  },
  "@3": {
    "macro_precision": 0.5087232495886702,
    "precision": 0.5508261163319207,
    "recall": 1.416969505451098,
    "f1": 0.7932773068930705,
    "mAP": 0.6406240402923762,
    "nDCG": 0.6764843463897705
  },
  "@6": {
    "macro_precision": 0.5069581120057711,
    "precision": 0.546987285793256,
    "recall": 2.8141886553957973,
    "f1": 0.9159445602843649,
    "mAP": 0.6370807997051742,
    "nDCG": 0.7050895094871521
  }
}