{
  "@1": {
    "macro_precision": 0.5009275769423509,
    "precision": 0.5437626681407776,
    "recall": 0.4662663927950703,
    "f1": 0.5020415057473664,
    "mAP": 0.5437626681407776,
    "nDCG": 0.5437626242637634
  },
  "@3": {
    "macro_precision": 0.4903773438264852,
    "precision": 0.5400773908236595,
    "recall": 1.3893190077421393,
    "f1": 0.7777974307320799,
    "mAP": 0.6313494257109611,
    "nDCG": 0.6670897006988525
  },
  "@6": {
    "macro_precision": 0.4883555476864016,
    "precision": 0.5355015048215711,
    "recall": 2.755095591720651,
    "f1": 0.8967113186603387,
    "mAP": 0.6278592121696003,
    "nDCG": 0.6987825632095337
  }
}