{
  "@1": {
    "macro_precision": 0.4916876730398011,
    "precision": 0.5491063202505989,
    "recall": 0.4708484752725549,
    "f1": 0.5069751566490336,
    "mAP": 0.5491063202505989,
    "nDCG": 0.5491062998771667
  },
  "@3": {
    "macro_precision": 0.49984618120076696,
    "precision": 0.5468951538603279,
    "recall": 1.4068573234318218,
    "f1": 0.7876160950399081,
    "mAP": 0.637614397150062,
    "nDCG": 0.6730620265007019
  },
  "@6": {
    "macro_precision": 0.50086043345963,
    "precision": 0.5423192678582397,
    "recall": 2.790172223100016,
    "f1": 0.9081278417633704,
    "mAP": 0.6333868210388344,
    "nDCG": 0.7016631364822388
  }
}