{
  "@1": {
    "macro_precision": 0.4792345428354555,
    "precision": 0.5328911000552792,
    "recall": 0.4569442249960499,
    "f1": 0.4920040780508709,
    "mAP": 0.5328911000552792,
    "nDCG": 0.5328910946846008
  },
  "@3": {
    "macro_precision": 0.4938802014725693,
    "precision": 0.5380504882992445,
    "recall": 1.38410491388845,
    "f1": 0.7748783683702929,
    "mAP": 0.6258829310239022,
    "nDCG": 0.6621536016464233
  },
  "@6": {
    "macro_precision": 0.4930288337037384,
    "precision": 0.5351943983784779,
    "recall": 2.753515563280139,
    "f1": 0.8961970608629048,
    "mAP": 0.623106586409511,
    "nDCG": 0.691824197769165
  }
}