{
  "@1": {
    "macro_precision": 0.5313117442125433,
    "precision": 0.5496591118481666,
    "recall": 0.4713224838047085,
    "f1": 0.5074855343285164,
    "mAP": 0.5496591118481666,
    "nDCG": 0.5496590733528137
  },
  "@3": {
    "macro_precision": 0.5124659142948415,
    "precision": 0.542841348811498,
    "recall": 1.396429135724443,
    "f1": 0.7817779703163346,
    "mAP": 0.6337448559670886,
    "nDCG": 0.6687635183334351
  },
  "@6": {
    "macro_precision": 0.5024305561415835,
    "precision": 0.5395860205147104,
    "recall": 2.77610996997946,
    "f1": 0.903550947366209,
    "mAP": 0.6293229326617886,
    "nDCG": 0.69697105884552
  }
}