{
  "@1": {
    "macro_precision": 0.5203423894322746,
    "precision": 0.5457895706651925,
    "recall": 0.46800442407963344,
    "f1": 0.5039128905721367,
    "mAP": 0.5457895706651925,
    "nDCG": 0.5457895398139954
  },
  "@3": {
    "macro_precision": 0.510671833757038,
    "precision": 0.5422885572139303,
    "recall": 1.3950071101279824,
    "f1": 0.7809818623994836,
    "mAP": 0.6320557705300761,
    "nDCG": 0.6668972373008728
  },
  "@6": {
    "macro_precision": 0.5043481185165118,
    "precision": 0.5400159695350408,
    "recall": 2.7783220097961765,
    "f1": 0.9042709082826162,
    "mAP": 0.6292033658866114,
    "nDCG": 0.6967893838882446
  }
}